,PCA1,PCA2,PCA3,PCA4,PCA5,PCA6,PCA7,PCA8,PCA9,PCA10
0,-10.771967900555152,-2.0656743241780755,1.6821009253006325,-0.32814531797290736,-0.410400996035198,-1.6290845044879374,0.7214084830579941,4.7435533534970835,-2.22494140853851,1.3661680370538027
1,-11.282673344523191,0.8065605842836613,1.5490279421438407,-2.9915761883294185,-0.2997732198065224,-1.3901300571850141,-0.11854235349203987,4.1172353802138755,-2.760960352423196,2.8094812879395876
2,-12.432148716716762,1.595511046588182,-0.8763523371128561,-2.0188281605468235,-0.8859774452364334,-4.256020778728548,2.2206290033429745,2.6974317288668384,-3.7856212444221935,2.2055089845039757
3,-12.35632990340504,-1.2013574799559563,-2.169009791325576,2.685123672874016,-4.145572239374914,-3.148781869003686,1.484665883818495,2.7575760519924697,-4.692573562493528,1.917139123761142
4,-10.49121288834857,-3.1574560268580485,-0.8197606893219797,1.1780477875734385,-0.5711739790005533,-1.0376618581733996,-0.5640854883105073,1.2946354960481596,-2.9514838810112014,1.8204991520845015
5,-10.544618465267938,-2.7049519665782,-0.9151544574873994,0.653618757916956,1.1057137673781294,-0.6561663061803009,0.4282236903156944,0.7583039168797636,-0.3726085080472692,-0.807126979592123
6,-10.546229673236452,-1.0387395868778504,-1.3107937950973103,-1.6785762198060807,2.9392131467229445,-1.5615716160510271,1.109154862545334,0.6264250815958735,0.00036691033410135544,-0.5753124395552964
7,-11.291475618740723,1.1084800855771793,-2.679471657779413,-2.0381712031967236,2.6559320495754055,-2.0102202965213833,1.3238776329854,-0.5973911929921574,-0.21323453660504302,-1.4783349372022463
8,-11.78008990842734,2.8341769382491027,-1.554985209378981,-0.179327201460567,2.8917065055300815,-1.0729618878033702,-0.7511829044763066,-0.6668013335021122,0.2371010715351923,-1.6288546428050836
9,-12.251402225854546,3.3788238657724134,-1.6985588710169266,-1.7371653233543385,1.1295668457381451,-1.4060781660619655,-0.8511404834747447,-1.917647559168512,0.5180466166074452,-1.0924782116895337
10,-13.39634478480413,5.189957173223784,-1.4592694835502844,-3.981882046345679,-0.9547702385519388,-1.7610500428435516,-1.2586915799594558,-3.241911782514207,-0.38917810239740447,-2.585530694632943
11,-13.56262980106007,8.340025505805153,-1.3701786395932305,-3.6523292423956146,-1.1710904404850435,0.8521157182339081,-2.0881078335266814,-3.916244790800041,-2.6303484047648915,-1.443642211086849
12,-12.813995301898899,10.499940095141849,-2.7990573420547427,-1.4812792702296957,0.28291331657262686,0.7629404759636355,-2.8188923545500786,-0.38977236039973656,-2.5671918094296307,-0.3333613638320994
13,-13.085881693572533,5.647306738807088,-1.7253370784402278,1.199649002789257,0.9604322190320904,-0.4109714482232699,-1.7761698391261276,0.6700370617375841,1.067662798299592,0.42339128265909043
14,-14.104358318962179,0.8801332149914199,3.1056075789091717,0.04212710815913125,1.9226973741231808,-1.1070507030670254,-2.2022151822118894,0.29647712380614316,1.080366856883169,0.37349571913269863
15,-12.884628942035784,0.4959525028361447,4.125750284665194,0.09543673160588358,1.90944963201187,0.01215344808383931,-2.054464928981097,0.08967926228901389,1.9899444010439928,-0.4584554462313439
16,-11.864379893775467,3.6988334073088867,3.726628865074429,0.07085187457828312,2.6555558510841997,1.3306391840919831,-1.6760853891926477,-0.21928328818948276,-1.096411433123315,-1.3210523275863089
17,-12.044088225068714,3.903627552735844,1.703178628938557,1.4910250184713991,3.6506515082802933,1.3590377338359152,-0.40322486241898253,-0.6745946269234941,-2.1653441923042522,1.077482381488845
18,-12.018740310943384,3.785750957580833,1.4933377602412863,3.1004309551678495,4.027229662522036,1.6516541788659398,-0.7504367318216371,0.3157000067958172,-2.660083383164252,-1.3176484642315847
19,-11.099176611777272,1.1141374752107025,0.3963180177561905,3.1579527753364274,1.9633473909426529,1.7647941543372394,-0.32288580203684425,-0.16356896860947834,-0.4734358230578886,-0.3307683994336047
20,-10.708305708651636,-2.3731848623324776,-0.06258422621943897,4.034779988012008,-1.0905020343679368,1.626748338257285,1.7481445752667115,-1.4526281243928805,-1.1518376331575992,-1.6391583180113545
21,-9.091107139664942,-4.600952527123755,1.2908387407606943,4.11473567141802,-0.7856164320138869,3.2008071564665577,-1.111396262167924,-1.1869777699980104,-1.42381593688763,-0.9794401835413629
22,-8.175368744397128,-4.2151997943198065,2.228650643528886,3.510624122577626,1.0077128085440756,3.270588682514763,0.3396563207205148,1.4693796743296461,0.5518480861909789,-2.355530306863288
23,-9.26194894834198,-4.1252559019835315,2.949961596833221,0.7642099525361472,3.860253670642478,0.7755309733895426,-1.0799899563266326,1.587765620538577,-0.1116899704562026,-1.3198315116154193
24,-10.118404551566398,-1.6959467605904708,1.0598777322256956,-0.7203186662300042,2.066983029854214,-0.27611165272608573,-1.0876108337910044,1.2301274987040234,1.8358411162036428,-1.5428469711485768
25,-10.96465401263138,1.1740915949488808,0.16403700410459945,-0.569181950530406,2.0631473498178097,-0.665865983642619,-1.0539375795874064,-0.935478710876458,-0.2543426966996662,-0.13411773673531122
26,-10.11559967097053,2.962947831066833,0.6394746823799006,-2.711256489226744,0.05792486148527976,-1.3218962257147517,0.7544285848271984,-0.4819586285595559,-1.3651182798700037,-0.11061588958654571
27,-11.610435269375195,5.076391202993927,-4.7970904070591835,1.4450476231381695,0.3248728103788755,-2.6100005106215107,-1.6344337781719978,-0.07054821905573959,-1.6679111268776645,-0.025885725266760622
28,-10.272628793775196,1.8700993762561418,-2.5422173735420364,0.3398157265179601,0.10573008089158559,-1.69329607603644,1.6099131020839064,0.41291200039990833,-1.0530271083118383,-0.5448751319179967
29,-8.855789801233193,-2.992516736945498,-1.4892950338807927,4.834244514529297,-1.2737247465984882,0.08471815944241741,1.8075710224054606,-0.04533532105270902,0.7262099595296008,-1.4755763322611029
30,-6.194954922724196,-7.960446250130086,1.5366631747354835,7.639534228023928,-1.9881808431622472,0.15894026389946755,1.2582913053682108,-0.9150163176994852,-1.217081826482902,-1.6174669236864068
31,-7.832454522119392,-2.522353245325572,3.0281544126172375,0.559570175924804,-0.2866206733210329,1.2552694367852635,3.176404358066396,0.37889274436991727,-0.3437295908563254,-0.07611666827469438
32,-8.196113666236032,-2.7698946629123498,-0.7594138926490603,4.923490930571268,-2.497436394070156,-2.70835796927836,1.0975816867641526,-2.64624955304093,-1.3977462740246083,0.38206678710240755
33,-8.111226769184908,-4.7651799068633425,-1.073163343395985,2.4777806543028986,-1.1989810056012227,-1.4988927586676317,4.771777834272216,-0.7324568464629699,-1.4385854143817225,-1.3430368725085013
34,-7.208847889315727,-4.504123920522395,0.6325504242186227,1.8584967954913874,-0.059496432871090986,-3.288951336168875,4.571440569562924,-1.566808957052128,-1.8884420603304233,-0.27476051572168664
35,-6.8202742670794,-7.095032663767165,1.2979725331161445,2.7006934002464793,-2.28949142326702,-0.9184638907647199,5.238739537196894,-1.696256538159256,0.6688477174794842,-2.76733524731579
36,-6.590558859015543,-3.207578321778643,-2.04214163438567,4.255780968108031,1.560508238779722,-2.002312641567098,2.0833085893310677,-0.6536896467980226,-0.09151683591616527,-1.5338667048843069
37,-7.342703637082263,-2.873279870146515,-0.8737348259114273,1.147405903378588,1.6689060072870294,-0.46007246625712866,2.1395376880081054,-1.3012731094194319,1.2213506254954132,0.8327213596881453
38,-6.197000594694664,2.047254984507668,-4.069454655422502,2.594412413585793,0.719351712087539,-1.5158143089792153,2.814602163138574,0.20788207531259748,2.1852625446162515,-0.7266014691486118
39,-4.924524575842083,2.2066156582217276,-3.1083337714191934,4.481894383442171,0.6869588645598727,0.4697861094669208,2.2740009064533218,-0.7254157683059058,1.224809112449863,-1.3672756263245929
40,-6.304169221916552,-0.2827525364074873,-1.6277317435561474,0.4839688526013323,0.31705189014457064,0.3356682316018878,-0.8480437676834018,-1.2433450194920295,-0.9289382026188885,-1.1509709778312676
41,-7.598863808628321,0.18693572949550444,-3.053651735203756,-3.725007704082029,0.7792115903018153,0.2913324194739507,1.580076452956228,-0.29719449126120395,-0.6947904666949271,-1.9592280476600186
42,-7.056448813751922,1.1263905756831862,-4.176051517321173,-2.9370210424855823,2.156145505531362,-2.129903319987775,0.2104143737545328,-0.5536207460871285,-1.1604256749806197,-0.4745184353936288
43,-7.807640227930707,1.9551203484682542,-4.375662281376581,-0.07747618502580812,1.9024780593813464,-2.283632188311793,0.4937096174156897,0.8363144242565704,-0.45459922508653605,-2.2123523946824872
44,-7.2963368933207295,1.313791295442081,-2.71011987645661,-1.0739184308098015,2.094925906523159,-0.30874057898975227,0.05139453969622055,-0.3660323265084165,-0.9961153405348785,-1.7043290369520114
45,-7.122698405832676,1.2732079808371068,-4.0329118975468194,2.3781318263571456,0.8970360754592284,-0.5281401475729975,-1.2957845538202193,1.7193367867805276,0.949914234659748,-0.7899416347103028
46,-6.761201211712315,-1.4220102420403042,-3.2740877449732326,-0.4233177150326373,1.9032161920976645,-2.1415262935536936,0.9177417730032732,-1.2291074813392013,-0.2394450538287905,-0.09192905755203212
47,-6.950040307869768,1.2236828154749935,-1.7061803194724137,-4.712742581607791,2.326491668710492,-2.260145446045513,3.483464499506006,-2.024530169483227,-0.2746518999476108,0.4535670629854711
48,-6.879382664131703,4.588471230308713,-0.9211245587276605,-0.6094423125014923,2.19178455740731,0.32046794734064404,0.1797295449020522,-1.3583273851169884,0.4415581915807806,-2.638554630220762
49,-6.019154842861318,7.145604673071105,0.06523626782982464,3.5623393109706476,1.1588448180859943,2.024609367167288,-2.8099610170348184,-0.6824631612362078,-0.9107071328143282,-2.9057927185500723
50,-4.890608260975579,8.234489220669436,-0.2853281337423761,5.354419816815684,1.0081937236063456,1.0326707180859234,-1.5521935855329705,-1.3634815899827284,-1.706862964755592,-2.107833463977974
51,-4.59706974302504,8.999188106444372,-1.612376763136717,5.38437348699278,2.311503785773363,0.6294662459790786,-0.5897521046191792,-1.0156795094886755,-1.71727972924372,-0.49603275748741693
52,-5.049885704853095,8.111525217607744,-1.0265095559643846,5.141168132024642,1.224715431601824,0.8427722558094916,-0.3848346760394219,-1.8436360684129385,-1.5322727825818014,-2.198976025324917
53,-6.989858163015979,5.573600503899741,-4.529064366724434,1.4199321338855484,1.2153971158310601,-3.2584444394032372,-1.6638286447529314,-1.8136945052507683,1.5216290886512644,-0.14459352350570118
54,-5.534307844858916,8.519030608462732,-3.4625850958658253,1.6351193763658245,1.627364893181227,-2.142178640107254,0.9697738051957661,-2.1823493704949986,0.5762668540268433,-0.2328404271729254
55,-6.820133474839666,6.0839051264924215,-3.4823198625883176,1.049680003693427,2.1979641395910234,-2.4208222948550224,0.05794349646606493,0.7825970465511203,1.7434304232517404,-1.5558826189585964
56,-7.852990054808074,6.131104032351564,-3.1277407016500174,0.9979511990910847,1.195831085329498,-2.5832863684547402,-0.7818747903076516,-0.27776662455891465,0.15994877602064533,-1.327521855245615
57,-8.83840914299012,5.572550821804213,-4.616329098955079,0.9249876514131529,-0.7385027256620411,-4.289157036290454,-1.2756870345883051,-0.6100428893965533,2.916205558170646,0.31646058203922217
58,-9.01829005999083,3.7114810956225632,-3.3303257351836706,-2.7612984177865934,-0.6592420463379127,-2.5050388780862116,-2.393175029965938,-1.771894578529607,0.06569053561429482,0.6070942733317709
59,-7.523849580370074,2.1250830435197074,-1.7870261363496731,-3.4400099405124442,-1.1637095774496626,-2.9867232854452697,0.4398773236433014,-0.5198254771707478,1.060148484230183,-1.2596097737609953
60,-5.4635495944154195,4.039360572823181,-1.638854954066239,-0.21793557558381957,-1.1178266328466469,-1.9187241773890136,0.9108603729671407,1.7557648039431568,1.148414239796333,0.05473615026307749
61,-5.176492559614116,1.641242904358354,-0.01349567093725201,0.9913929089642072,-1.3401783424219726,-2.0179641333388885,-1.889808449578623,0.5375057889032657,1.678671174567163,1.7021796382473313
62,-6.224128904236308,2.8436999964393004,3.6457134468988235,-1.098172261749066,-1.4771509963177558,-0.26966795385176995,0.4738424414972279,0.9871884155340273,0.4569264501679081,0.8731176793363457
63,-6.888450162474719,4.431458979877061,-0.6209507062961752,1.1855750845118374,-0.78468537749413,-3.5958560589283706,-0.5292022979609293,0.9873646366678147,0.3527737322497757,1.1806364595035426
64,-4.429332303393183,5.9950943433134505,-1.3664242678746912,5.129454763302388,-0.04447009764292991,-1.1078333062313044,0.7345517387673994,0.3045536389143518,-2.017248280785773,0.4563578015547607
65,-5.22396453681281,-4.233303270656201,-0.6629208492477006,6.014727770195836,-1.3833210942114855,-2.2264483640324952,1.6111984730036129,-0.904493809674178,-1.8449243569337206,-0.43531299227447007
66,-4.576839030614365,-6.367870536350917,3.9982121247785134,5.818902268506183,-0.9922850305315806,0.26677337928834816,2.3716322346403507,0.5333381227240446,-1.6357375093094555,-1.4997024532992034
67,-5.203286951041896,-3.793254553287208,3.6004215365637875,1.3035599231543868,1.7179142806691705,-0.48886883193379094,1.5519585616602576,1.8816227729733521,-1.8082106993803289,-1.7997172746976464
68,-6.342962794526777,-1.6311862156508565,0.6525315029044526,-3.1526790313227115,2.1044814536227547,-1.4259195099779876,0.24848958541749827,0.9066146016104394,-2.2095304830935776,-1.6562948410742089
69,-5.779918929546668,-0.3055915398588764,-0.6543894159316076,-1.3119677712691924,1.216559459153075,-2.880784091145412,-0.41569345469458824,0.1241936747712275,-0.6907398227726246,-3.09381037324796
70,-6.137844844392284,0.3776191499317758,-1.8423628697598402,-1.7754131091628624,2.0968850292248926,-3.1179934076223748,0.5645363557286315,-0.42846292833117666,-1.0985365559167652,-1.1614340071239402
71,-6.53561435904272,-1.9499691317041477,-1.7562120610938923,0.09568729327379967,-1.446381947469983,-1.9698705181517344,1.6041267628672633,-0.8009922601890783,-1.2518286131098475,-4.126412377542391
72,-6.154830595609882,-3.0161570711338808,0.9687746392239263,2.0557069329243194,-0.08137589268440336,-1.8150084771733823,-2.4275940286030866,-1.4519044229473705,-1.4784773280206687,-1.698256039128829
73,-5.464046655981627,-0.5532756459170504,2.5339590791049535,2.3523848626092745,-0.7172292567365893,-2.9044452203724913,-2.2767775359782148,-3.4691501970894114,0.18149090007202903,-0.03508784108484726
74,-6.998028245366165,-0.39341359791733815,1.7202828253017812,-0.05232204788648047,-0.5023539440178065,-2.4612847933589785,-0.5242292291152482,-3.368983206901738,2.035972489287721,0.8751539815170101
75,-5.861118099853745,0.8616541704426044,1.0173304886906076,-1.7639237487167463,1.686503300886477,-2.9099507397868805,0.21287289891345462,-2.317306649459992,1.420111584023879,1.3641376017948958
76,-5.091508890185243,1.4321219502929134,0.9461226700871757,1.9507547463309287,2.109715641815786,-4.875158403775254,-0.6710197720592417,0.12210668614244179,2.39547219725666,0.9414404199558428
77,-3.667144540569415,2.6397231433919437,0.9239449442535594,6.36151931128468,0.8582880426452898,-3.930560523826707,0.5579266933020787,-0.44384274489430897,2.4922819867719634,1.877085822056117
78,-5.999297504478915,1.6444419558614238,2.4797137381130527,5.438081697624719,-1.1649847000051832,-3.378010125523179,1.2823669208070971,-1.8157750765133156,3.5758713061503915,1.1892080407747885
79,-7.4290410007330125,-0.8357124182687979,10.032336649495818,4.100785383726268,0.454039318679916,2.8883959051332804,-0.2571502956774412,-3.825351293548583,0.39101982312683803,1.3809248942021055
80,-8.361183482535944,-2.377618722328321,8.431654319477499,6.234597426699167,4.820236511688814,-1.4244632205810837,-1.633797216538728,1.6048066055825176,4.653078783367591,3.2275143109594735
81,-5.9765256474312825,0.13828043127833228,6.499148413191552,2.0526342421561843,2.762544518227639,-2.2927401966360943,0.25533842608832447,0.8713884165801303,2.211262497988297,-0.3200001502257586
82,-5.536372202123423,0.39493889357476886,5.995953221806966,0.14275869317251985,2.7350077578591008,-0.06243118521923962,2.6960171429997914,-1.4705039854975106,0.6299932775656493,1.434500430803712
83,-3.895330276324644,1.1357458931954865,5.496741579226082,1.8438600669017506,3.991990772264602,-0.401831785566112,3.908241633178466,-2.326742021393709,-0.5207076515193605,1.076448055622069
84,-2.2736282744168705,1.2134393261641774,3.917107646090493,3.2040462732121933,1.4384172676015659,-0.9627905230691773,3.0957230203333563,-1.0059503528584308,0.606421200176609,-0.5041631328891244
85,-2.572631506054934,-0.9248932433299051,3.452068443464326,3.40075498382404,0.974034253869755,-2.6240027543145503,3.5824204550058574,-1.8004270234179844,-0.05882011480185054,-1.0278998982210021
86,-2.43363733406346,-5.885068344541664,1.0804630001450894,4.938428516708839,-0.9045376691071931,-2.5889034486419047,0.27662796047359683,-2.176721368800164,-0.15829463813226993,-1.4857609611155616
87,0.07787262291283241,-4.409694994749467,-1.20984890598882,5.172865212649278,-0.8777422671043477,-0.605459034227938,0.7884400172980958,-0.1261452819449923,-0.716029446531906,-1.7153741581994209
88,-1.100010615310152,-4.800176804668304,1.0609059007732031,3.7567952468718535,-4.265984300734573,2.1607847075727586,-2.32817664824458,0.07954099364451447,1.6048433945498914,-1.9849898603602136
89,-2.044030690105257,-0.10137220395694653,-0.266210364733794,-0.947033066478229,-1.2755252682653262,0.9725376213045355,-0.6212025581802507,0.14209590066142305,-1.1031061802682751,-1.1508502442158042
90,-0.857267802820848,-1.1783609800587516,-0.9764707329862563,1.6925098475793112,-1.6488453777941816,-3.4148291143828153,0.30212941280302325,-1.4884295583341693,-2.6934835555936845,1.0615377865149385
91,-0.5723526831028415,-6.198219709451001,-0.2890238858632402,1.594353714819234,-2.807557271944288,-3.6297192873436956,1.2696933935086627,-1.9725803820488081,-1.6343368755591505,-2.4657424450997873
92,-0.12462903065424684,-0.8734875434111682,2.3726034232475777,0.39818733875324447,-3.6901978621986276,0.5147711094086812,-2.179697577408735,-0.4203463984425129,-0.1053496433994477,-2.374236841546181
93,-2.715192471507505,0.637246023611379,3.148861082428228,-3.9695626851949584,-4.455181716382127,-1.4138757617228017,-0.7691691978314877,-0.46674278019008325,0.5264052988406589,-2.1661454585109188
94,-3.1601211942787444,3.310245570724709,5.229024950652663,-4.181671726923855,-4.443887271165965,-1.7132672105731812,-0.8612061061258977,-0.8104347335687133,0.9295489648265559,-2.4506761691586783
95,-2.7135729702580638,6.461196015122335,4.293227518420437,-4.215061243173219,-2.2883258944027007,-0.39016466523108123,-0.4910041421055998,-2.10943128387697,-2.46384909869418,-2.845179540854583
96,-2.5003234595197457,6.289562695138337,3.242299579367135,-4.190126626119748,-1.4102798844788427,-0.8080269783628725,0.0468040003078096,-2.9834131151925747,-1.103979733447994,-2.2095386928283527
97,-2.4998478830725146,4.082530117092982,2.327647193945274,-4.431001317003117,-0.9868822850965201,0.02169494711203068,-1.6661515587844427,-1.0064083991176898,-0.5097984536606138,-3.6485714606049866
98,-3.133348288721794,0.20538844904557071,3.0860862794960386,-3.72474112701857,-2.85898358970412,-0.8991835735780083,-0.20988081055740634,0.9331663934155389,0.4753307104427596,-0.8370874012515047
99,-3.294501264026827,1.2154683918176044,2.7649376363402136,-3.0054539846954995,-2.810497969428302,-1.2229727111509994,-0.9908130847157197,0.313812322552081,-0.0312639460568707,-0.4469153464239052
100,-2.2731468788021822,2.4019920087471496,1.297470593440831,-3.2588022193576105,-1.883220760588523,-3.0100455522808787,-1.3911583232354041,0.2270349382313227,0.08849614250544692,0.3776588691656679
101,-0.5347245170392011,5.100773900502587,1.352372234130401,-1.2085109611066558,-0.018822256527396754,-2.06684330102926,-2.0462436778728934,-0.5042480991743753,-0.5439907408107183,-0.3329438795566086
102,3.802150629983244,10.107293931178985,2.3417146664460073,2.5198587511737216,-1.6068237030412986,1.3221589292845375,1.1553227274802118,1.2379612851267623,-0.6595719648927043,-0.3566466085530312
103,5.828842837109098,10.325174042749143,1.7576568977264735,6.427322291449583,-1.1728664136463927,1.2176552714963467,-1.313093738850284,0.2653728562433375,-1.0767609218325054,0.654189949612391
104,6.6418396625667535,10.921884658179236,2.440344868429497,7.139802728255977,-0.5397975840184417,-0.544271627160239,-2.2097643253822787,0.6240477190240127,-0.5488304991656824,1.7978346334544575
105,6.606683647161412,9.171093743263498,2.7683948678878467,5.7668799701087945,-1.0522032964804588,-0.7654559197790898,-3.249044852022957,-0.7414201384994706,-1.4136371334187312,0.3707323018884871
106,7.101898613034348,8.305274153384557,0.45580022179539625,4.484403466135416,0.18632968560649268,-1.7450320259180616,-1.206502029748318,-1.1333812204806157,-2.112877586145941,2.2591595854657234
107,6.424992922955996,5.551685783131043,1.3806911180513366,4.091862318303628,-0.8816904612532521,-0.28941444786390425,-3.283959877258546,-0.2961220741359848,-1.0614813650052968,1.6903210323965068
108,1.859753603304581,-1.5893190851407002,1.4235323874585002,-0.05021793160953052,-1.9773774510275086,-2.9691111590256862,-2.403640340726241,-0.2934035766163442,1.6065868764284112,2.047054033210534
109,-0.6495746757845696,-4.862630195727075,4.907144851231253,-0.04722387461024019,-3.662721969695432,2.2867216622701547,-2.3348124273597155,1.929850935122068,1.3681356299386445,0.6486071782546927
110,-2.566453923836151,-2.006739265406924,5.465280404948103,-0.8037147954155812,-2.966865346604176,0.8372127548201498,1.0115480516661743,3.37600005813772,1.370586904396579,-0.15630370982821398
111,-1.437341298707661,2.0289404033800396,6.3861532954403915,-3.8266564075737377,-2.6599246329073125,-0.1226364764918372,2.2306944269770606,1.0332579355153488,0.4255597005491983,-0.9839647239131669
112,-2.8077297725455366,0.9039094588473713,3.3537734848442824,-4.11153420246793,-1.578298957007161,-2.8929248698057104,1.71712566153556,-1.2691909021812564,1.3199764945519663,-8.043162374471136e-05
113,-1.6958313512610435,1.4747280371505955,4.813418589889867,-4.321108339332698,-2.5891681686237034,-2.23023055308723,2.1230572930246487,-1.5732431982346677,-1.1999275421252067,0.41161177077602945
114,-2.184896784163493,-2.1673822987885374,3.6290664149079577,-3.4034150647925236,-4.276553979998064,-1.186424067896808,-0.710689401630525,0.016364210282480064,-0.1599098676938952,1.421853368144694
115,-3.0754232600344276,-3.7985708265870555,2.1966889771016715,-3.0602568851594567,-0.7822311088974506,-2.435630007696013,-1.0353046394765621,0.45663028395594274,1.7441878421183294,0.25837625346712007
116,-2.0883307645592075,-1.3095008277102758,1.4215638986354575,-2.052375365112495,1.428218667023819,-2.5740652407313926,-0.5448467952293388,0.702290077902938,-1.269050057732149,-0.5224901392593906
117,-1.0721750871403712,-0.35402259841930445,3.1789815105775348,-2.5893851982840332,1.7376561987766523,1.4392699206505593,-0.839789308554236,0.4691694009919966,0.3983810634929066,-1.806855666619128
118,-1.3026353258343841,-0.3513386564681261,1.4793934576516827,-0.8564217886692678,1.2124748337375095,-0.8357312903359868,-3.0103157966117045,0.8675711187847172,3.740592396126845,-0.8375395749801953
119,0.6267624012932559,1.4939628035630468,1.458402476900968,0.4560818267111077,0.3813348917055856,-3.807392962167701,-2.6541370444968213,5.224413119587427,6.762475370432843,-3.276049880910043
120,3.851264721824776,4.403232227005705,3.096113470289124,2.8734300869005573,0.039768013744948205,-0.15919154872463648,-0.8754811976525917,1.6542368452342326,1.9691121416386999,-0.4894333414294919
121,5.200058016174971,3.5174231604101247,6.139776198951565,1.4425247222317596,-2.1366651122022624,0.5347961478104767,0.8570965550089711,-0.701552515186012,0.9668444143153976,0.5973258302381121
122,3.8120737772110305,2.5504185925268605,4.6203103937579755,2.154499695704141,-1.3377517242345411,-1.1327260036852336,1.3449374684111228,-1.1511542668968882,2.0185443070676268,1.3245690607500302
123,1.3571134264784352,-1.2775609481751988,4.937691246067211,1.484867194987326,-1.175259042407727,-1.682030076758531,-1.1524078366745902,-2.8258639034600717,1.3405512178593333,1.9967019686982352
124,2.2870923213979286,1.185416697485401,8.673266248044666,0.033689027362103,-0.4524898597154798,3.3860342613428522,0.6900476949876722,-3.455127194924969,-0.5794746609432918,1.4547161713174
125,1.9139806418782304,2.9118659734120107,9.663170304376848,1.7349594000211284,0.8890014833350522,3.3878845162016114,0.7207865300956416,-1.4280313972506116,2.435094333761537,1.9149019432596663
126,3.376027410752179,1.0083885076811467,7.44254039907832,1.1933423986313119,0.667217887071075,-1.091553421273847,1.8199230186771156,1.2549992756487616,2.838888116142156,0.47291960139611655
127,2.803214994801698,-2.2605487435044878,4.7966244543251735,2.28772180007625,1.3033083235767433,-2.6190595029152552,0.8958777545708394,-0.9337355478690772,0.7076434845413786,1.5265071535886923
128,2.3865782637117006,-3.6930222294540043,1.1176556594890978,0.8799947160744466,0.11981154475160818,-2.6884089383142546,-4.013091280926512,0.20223169412736672,-1.563571628119324,0.2281055336385056
129,3.278690354888402,2.7977185314948447,6.489214683562457,-3.2611407325124038,-1.6507748863765956,1.1755665681092895,0.41662771684629296,-1.4568087985945013,-0.24723468440483098,1.6682022127940055
130,4.7648825378987585,8.258626848304779,6.171377827135834,-3.137768082759794,-1.0515539917491608,3.8080407911784353,3.8139814216105075,-1.018214126536173,0.5446197160403893,-0.26105282821125847
131,7.788230119307634,11.369676081800105,4.187689952982713,1.4497170376327988,-2.2257100692141303,2.627129770659753,1.9382221831119926,1.8097449297583756,0.4752349203838055,-1.0783322621016072
132,10.070009185417813,11.913821903961706,2.7373538736423315,7.066569637006029,-1.4799650328136227,1.2257821161293863,0.5182837049924829,0.633162333564137,0.7438971191314941,3.4362684410489113
133,9.703819949393367,9.61204561819618,4.928552838348444,5.979833834060691,-4.6686823975156635,0.9216629389141789,0.4561873971013778,-1.6554685205610524,-0.5458294973811053,-0.058448952844610866
134,8.404263394603916,8.85817130545848,6.317049992743641,2.6354965860193413,-4.795980908635207,1.599139174322107,-0.9209892439239321,-3.645321462398645,-0.6915558413708918,2.83970589514525
135,6.898089787775472,9.613568552658528,6.053481280839742,-0.6734839167324008,-5.235215479314823,2.1726291303909915,0.1624061779269348,0.4066258661996537,0.46755124107217694,-1.0212739470499796
136,6.170675516598464,7.531721262678434,8.109274570079474,-1.4419629496106672,-3.9964762720769014,0.4600368020645892,0.13828120108760927,-0.13677501316244722,3.310755325649185,-2.125973273308886
137,7.040351406367247,6.5114328353495745,6.468940097518176,-2.0533489128743483,-2.973322203424216,-0.33783304915174217,0.8736733012028638,0.30242267413963186,2.281712889909749,-1.1401169696675395
138,7.073499053497343,4.220065035828939,4.719542050680531,-2.347493700891538,-1.2115343170369575,1.328577000861475,2.4282329662983426,-0.7636871765203331,-0.5483836472291671,1.5665943741814727
139,6.788446179719515,4.395324007128496,5.2589422028959625,-3.0780105991624427,-0.08546865349591518,2.3695979943473833,2.26934284061304,-0.5923714951519087,-1.7130511556091026,0.8327947329074666
140,6.328532214983458,3.164938610118083,2.0605837551644233,0.35557744332900715,0.88128545248231,-0.6145867824111076,1.6775032099567866,2.163907687835007,0.07388512018131424,-1.3744502140111055
141,8.252288509226094,4.071101662918372,3.6957158182225345,2.719803535041259,-0.7510819187832833,0.18028589293857514,-0.39381678292483024,0.9360005648647033,-1.3054457461083955,-0.4312040617301249
142,5.917484668888466,3.3900431100318325,6.543154383202401,0.35037598961292876,-2.130747396569874,2.6644144021375338,-0.7106333612312409,-1.505323541217197,1.716636888428132,-0.37736263873685627
143,5.117740440617504,5.010652961160325,4.598634638624123,-0.19798844422855227,-2.159149322809071,0.4148447481918212,-1.597122401094493,2.297361102686134,2.0835337182631655,-2.8799272544848162
144,2.6168671892381608,-0.4301495092560121,0.93746748032991,-2.080004046622119,-0.7607901615304641,-1.9635226488836268,-1.0788003274604543,2.3825249785973033,2.6857681288968953,-2.428005809779017
145,3.553280046666139,1.6453967975087804,-1.3414881411007848,2.304142410293708,1.44961145871768,-1.9524083198450504,-2.788631975417644,3.6617113405136292,3.0642007099814674,0.16113686069990277
146,7.811346836336015,4.873666163540692,0.4272887477546546,3.9812045164824665,0.027626733539722864,-1.1383903563442344,-2.544480472072171,1.5327160301241805,-1.4650311755799332,0.22253369516387356
147,7.436548955558077,-0.09642063066758377,1.6341428974234453,2.0473132618388052,-0.27510874079178044,-2.686925356139791,-3.0910723836601997,0.5227450167698499,0.08668239241456845,0.7794248281567312
148,5.976451700548719,-2.633215054642445,3.9633728671508712,0.23260343091838126,2.5976565232007185,0.10376236791984268,-1.6770026154344275,-1.2924006890928066,-0.12231584586439008,-0.3442403539443621
149,4.934666363337325,-4.7401625223220965,3.0231092797414747,0.9274089110916383,0.6591765651239443,-2.2720141662995514,-2.6549807195602266,0.21561826446308216,-0.11219200231737947,-1.3721306175326593
150,4.17586639757502,-1.4421914248298766,3.3119793629551517,0.5404869082248644,1.1357181087862478,1.8596948319888023,-1.9330533783731987,1.6299231415780286,-0.8920651807836791,0.9713880410597343
151,4.525672641375712,-2.5184762130807203,3.2829831041506705,0.9922962421333523,-0.12250927699257534,-0.7428940371986266,0.5324115082883976,1.3599210237244517,-0.9436353820949669,-3.530649794255426
152,4.195779862443104,-3.549542499712295,1.280249581623033,-3.611958741546874,-0.8046472793315571,-0.2441606370331737,-2.1229886364099664,2.1284525360335897,-0.23561960945082522,2.53508541175866
153,7.138388781371089,2.613983979827108,0.5186054821098569,-3.0770158075781944,-1.8531960109177312,-0.8530457259846926,-0.2239261429885691,-0.48619893901651334,-2.841951291243835,1.3319287559432542
154,7.624809451030612,0.8015244978923665,-0.8611704553902042,-4.388308898283907,-2.329396941849336,-4.699397654176361,-1.318419314703719,0.48486591826312814,0.29866436716319394,-1.2438325475027503
155,10.011813810735166,2.7617108130865167,0.9710663884432875,-4.351029130949753,-1.0772962131016623,-1.8363103532614427,2.1636818362260084,0.06564320756011204,-0.7320457317155655,-0.755465147314247
156,12.318002945130408,4.778060852622381,4.086791189792221,-2.9774769461880766,0.6976003062273762,1.0604474294189805,2.8841679048209294,0.4713987577574134,-1.3982710656906097,-0.4883992751625446
157,11.493042326682422,3.5678099809383146,4.004934274535538,-1.5939840289365292,0.013232705558308487,0.11410105154087472,2.6272342324011215,0.9223433776979556,-0.5730049917985682,-0.4568999315628447
158,7.830025704366233,-0.466359097910767,2.911299447447651,-2.0445905919054947,0.970092861980927,-1.7574642763195238,0.49879474763218784,0.1358808689957269,1.3438398756186152,-0.32052783154759373
159,7.83876192323744,-1.0851863033913172,3.458300549219281,-1.573919506763479,3.1053261767762868,0.06043925079096414,-0.18792666858936927,-2.204395623776378,-0.04192945796285908,4.351378674981225
160,7.776065919518507,-3.085312824211242,3.1405152496768887,-0.007370161166493751,2.578334414341481,1.8488332565801646,0.38873924448608516,-2.273953020635785,2.0091905774768866,1.8135495067287102
161,7.261529958153913,-5.5966334277759975,1.5778308272104922,-1.4119905402839892,3.10850612693924,-1.694093315605586,1.2336685360059338,-2.3760043239683664,1.585418132519074,1.7650414844367628
162,10.027877625431955,-0.632104745109383,0.7318461217262188,1.8583470034091643,0.06281869835620313,-1.4951603081475457,-0.6574833053989702,1.8289879276012615,1.0689014422174719,-0.5328142010255746
163,12.926100852482627,5.358950507604851,0.9502099261340294,4.775340033192184,0.2943001342395706,-2.2803691974499007,0.6563620487058419,1.0952625884237785,-0.3268077543259629,2.418366248368502
164,12.979322021411335,3.5433812097607773,-1.4336834918484165,5.233271282563221,1.714701642096423,-2.0513632841036182,1.5778393668043633,-0.3126048123750446,0.41034979997068494,2.6392415491614707
165,13.360427843623997,-0.1144222880610855,-2.6522748708296358,5.432150581338463,-2.35060033265134,-3.106815364040382,-1.422837429023686,-1.0346030850831565,-0.02865157472765829,-0.12736792648501688
166,11.707778411337237,0.09036108248341876,1.1154748319336016,0.4748761067202506,-1.7644368690059167,-1.1181303093648105,1.6418113642395187,-2.0217399318039555,-1.2793753550899774,1.8112509142684738
167,9.767963919702048,-0.7625170630455492,-1.302490062887027,1.7365105052166294,-2.038522385982114,-3.9721325562818706,0.32924586945350637,-0.4536868037744907,0.6419111055667822,0.0069831183653747105
168,8.354754612397953,-4.963608815679251,0.5928446453382916,-0.30666014919476564,-0.6568505089241314,-1.5124004032404053,-1.0693859037798226,-3.7764491449735806,-2.625675679334652,1.107529882018074
169,6.662362358886744,-3.4709564427487987,0.20718116381158877,-2.460749327893583,1.3142084995007561,0.7018305190671557,-0.2646114445916785,-0.48842156326910474,0.24908753895457578,1.1837723778039388
170,5.97448117481495,-4.449210878467195,-0.9349294750975347,-1.3533673492275622,-0.9778096861963138,-0.24429346922159753,-0.19540114922669652,0.5569923955535828,0.6362808975335535,-2.519837185719716
171,7.140058851433864,-2.13606468307856,1.4304558895266,-0.5697258718700972,-2.919984136033414,1.5977700451363452,-0.3999775522247004,0.9975105282534537,-0.08567756955852626,-1.7007736607372037
172,6.098494816258941,-3.586320835530984,1.6510623640481652,-1.0259608337498336,-1.699564351619402,0.6319769658293068,-1.7610338537609493,-1.8122014866273306,-0.15714789330929937,1.157606881620831
173,7.562504890306158,-3.620395687338959,3.012225750617371,0.8533992531488905,-1.1332674892023884,0.0841811180872987,-0.9694627108589917,0.4336444219920019,-0.5382146837223277,-0.9439291598674402
174,6.030256588006115,-5.484257310529746,1.7466521857477901,-0.039316698386932816,-0.39472524605280646,2.1919042896974394,-1.0650499148804122,-1.1533608623619798,-2.366841552247925,0.3960141191808492
175,7.595924205365419,-4.192380701162726,1.4898610773701837,1.6971321646992148,-2.409807867225928,-4.30832010752197,-0.533001604358092,-0.1354242662894294,0.012554350420274247,-0.5634424209665928
176,7.375368795454688,-2.328898624041036,2.4143555593927726,-0.041725595620396023,-0.6906882725710312,-1.5500834539096107,-1.1024940137400008,-0.08388200564608451,-0.621131579052448,1.0131495221854687
177,5.944526063875257,-4.2245281676876365,1.923783983715078,-1.5020555042906378,0.6196727334918546,0.6034979537667526,-2.102660506719471,0.014142699223768106,-1.420332652017692,-1.326342427815623
178,4.2476134966455685,-2.9194964589725916,1.7615673801846832,-4.176194481251447,0.4563735242691301,2.164663486786622,1.7398452449919284,0.6310463078803794,-1.7226281225066928,-1.0600803182251481
179,4.910323353722644,-5.4840588887956825,-1.2299978992717566,-0.31070188817325156,-2.117032227506806,-3.6605186890654013,-0.528753984238602,-1.625199302218677,-2.4164160945436137,0.801271804935086
180,6.630886739922578,-5.236171740748567,2.5363712459474557,-1.9532685790963338,-0.8140615199396884,1.4143926913180518,-2.3127176190770773,-1.5451807039561791,-1.850130076265603,0.3859878044957626
181,7.826985573975372,0.008292444627542321,0.572878242517758,0.033819270728224674,-0.9947715853985781,-1.355617553133596,1.687426951061378,2.1300046148884575,0.5185589728487465,-0.6178565309620956
182,6.254628048303084,-6.980752183469869,1.9503937435950973,0.9716945078697596,-2.492181834163863,-3.6391184168346786,-2.4665364528379183,-0.8720769119749889,0.1498193121560547,-1.4737628732009482
183,5.560506657321788,-5.368777921386292,2.4912749095913793,-3.863190574045776,-1.3722935878133844,-1.4754493552200183,0.5582117803303287,0.06646116462222179,1.610210959363622,0.4547302024038809
184,6.682052186368552,-3.102983446963485,0.5382590885995301,-5.193943209771359,-0.47889221969467105,-1.715707650153694,0.09828631368671434,-0.6325401162027653,-0.1918944371426641,1.949828381108235
185,6.706347288235192,-1.8621540875838487,0.3843994408038173,-3.3756669739763985,0.14473225563121112,-4.045021281720858,1.6693521696937201,0.12213809546327041,2.015096916075432,-0.1416146466317732
186,8.099681225868151,-1.4925492195052927,0.41602353885268273,-1.10706960858688,0.12287162956704066,-0.49873238761786437,-1.1048718849179286,-0.37070768263112713,-0.2370175600819718,1.5457362782094994
187,9.432150937791903,-0.9505163670845328,1.6752023396101596,0.12368149929149282,-0.20323583145654267,-2.0329996139571733,-0.8338526236299543,-1.2256729791024137,-1.4577670702043135,-0.16208274269657413
188,7.767848001478527,-5.448019967141277,-0.5641781594474805,0.7110859180479476,-0.9087020690185441,-2.3451194862199327,1.6958719028747515,-1.3787485447435823,0.5958878361172067,-1.7791917146628082
189,6.960654035950662,-7.540107295221513,1.0126411695530664,2.184181319655673,0.12288901264153189,-2.9376709012581212,-1.8071002481738512,-1.4455028121991453,0.23776145413619545,-0.3765260625690291
190,6.161970080911148,-9.158076051303208,1.894272770661807,-0.6626932243063682,-0.053276248797432514,-1.6419263545845526,-1.8229127929994744,-1.3993663893357806,0.557741372238983,0.7507239308071286
191,7.595891438819463,-5.058577964955311,-0.954904203118283,-1.4732891394818401,-3.047868838688041,-6.359922149926922,-0.9773492930819477,1.14361594143319,2.114359339568237,1.9035071248866287
192,6.098444977169241,-3.2215770145224707,-0.7358844105327396,-4.8182616348678,-1.1554281690253034,-2.261598416259435,-1.9161994193969918,-1.2757457168255244,1.3293787107360184,0.9422449720049715
193,5.66495143411496,-2.022008461898738,-2.5571391443387395,-3.787445391202729,-0.9463174010888583,-0.766258459732512,-0.33897732747318365,-0.0742493024091347,-1.0524075464206608,0.08805112556790773
194,5.923206772632764,-3.9125643988195264,-1.4186247127684868,-2.1535031758870784,-0.5604640320674869,-0.6642801631957153,-0.16363951955007353,-1.5044098334064437,-1.7215616055002678,0.4939895857195943
195,7.355384059444007,-5.535122651113782,-1.3952572724338337,1.4670997176696463,-1.0466438325362442,-2.185878610650297,-0.1252221933798146,-2.033287248678562,-1.3164539357703033,-0.9280417189048891
196,8.25464513132232,-4.730227188065249,1.0360558548150316,0.08865179484641476,0.6920842325783995,-2.2742903495881515,-4.667049078855203,-1.9817193569061282,-1.6135769189336686,-0.4216278648767782
197,7.067751377921052,-3.5649426009463934,0.9369690860396772,-2.704904689820677,-0.15280387720931438,0.9457657266800968,-4.869847565592296,-1.6991033205089885,-0.10466376758934723,2.129468221578859
198,6.398673802720739,-0.15323402234606187,-1.887935704920613,-3.0825176348669756,-0.8180331556759988,1.291670253638894,0.5408866839521858,0.7854385130068087,2.434674476871042,0.24741397191363942
199,6.55140045238748,-3.050597793993375,-4.345512799965296,-1.2831919815634036,-1.669136522195302,-1.512949088798862,0.6591714097534951,0.04519938617342685,0.6552310712073748,1.1531856337451067
200,7.237029508876863,-7.319720543603735,-3.115069685834288,0.34171994460983124,-2.364241521900761,-2.823394851533237,0.6521376258132601,-1.121563252301664,-0.563707036320689,-1.4471958755628844
201,8.097901229085778,-11.20528336213339,-0.05146536763714983,1.9136707294580864,-2.6917437930886474,-3.5481085045492278,-2.593980557243808,-2.2416307351977673,-4.249497742987577,-3.6459636616130986
202,5.386079780057862,-6.276796143561466,1.3547134536096626,-3.813642529340651,-1.9329641795891346,1.3825100778370012,-2.954895670873973,0.628884373179432,-0.07149910719760619,-1.0498004011656035
203,9.236920300331228,5.6609380785012835,1.6559656272767291,-3.332250827225187,0.6806182407796691,3.167799798151701,3.488764567989425,3.1809140246979353,-1.987010780565859,-1.5090684890686008
204,12.448507353624292,6.375207971933709,1.7043407601076304,0.4614127239291881,0.3160380032133219,0.12026431758475091,2.063256531828475,3.131398542276819,-0.8468421211231054,-3.2674212735369754
205,13.489823622104705,5.407013757089731,-0.558091752989784,-1.0954341164884,0.4555169185139617,0.846864113019534,2.3256781219287532,3.6630874697301734,-1.7384327030655757,-1.5404220162081121
206,15.566569914755558,5.56916117498229,0.9718639005866683,1.3718068814845543,1.1161487139911725,0.6379439587974959,4.626461587976849,2.4116221687095223,-0.7821345202529368,-0.03536323363387217
207,15.089887428545307,2.3952625548751496,0.18009171648748848,3.0198426635264823,0.986450675150688,-1.1626605031425987,3.8024293869871317,0.8366873417143926,-0.9780323573470555,1.3772825557615562
208,11.606622981157237,-1.6670113262400486,0.45878552708023906,-2.8732667636246774,2.3383236440025974,-0.2041964672071808,3.4734341892395735,-0.5877268571519395,1.628716610673139,2.1806275471334775
209,13.449940139513787,1.4016889776199617,0.2268308550375037,-2.17844725791872,1.6905995263288407,0.09746899995129742,3.09552018061125,0.8186080616333444,0.13031445917108908,-0.22064947795706052
210,13.820061194541745,0.7598902201913994,0.28228688159603776,1.2667421020627343,1.443675133721011,0.5232032214442189,4.449002162325723,-0.6589224484919721,-0.2110693911942157,0.9206068329676804
211,10.744651848230122,-1.9700650190527869,-0.7202610222013142,-2.4306390933314725,0.48128509252062157,-2.0624955225364783,2.2602181816879234,-1.365491893078954,2.192971954607483,0.931839049170323
212,13.730873351086599,3.7523008914518874,0.22781853432786103,-1.572332240264052,1.345989135938059,0.33841344172944526,0.12155950172210113,-0.44206291331701836,-0.31519361747402286,0.8711812053410284
213,14.169340249892587,4.05083857686182,-2.195820076048953,0.6804231506227736,0.8713680531041619,-0.8317682229751019,-0.46270479354418503,1.102614937270417,0.6322746215216974,-1.378494429383536
214,15.612915108584463,3.2798660659868633,-3.2173376924710424,1.4919664705436606,1.7688365505928574,-0.09747353517145334,0.6960152856163119,1.923334697325997,-0.23685304469456708,0.3727180447750435
215,14.803266167187925,-1.0147936626838803,-4.031340951635787,1.8494381465972851,-0.6822695595800589,-1.841010076171423,0.5326083990632839,-0.9797432119857133,-1.4328159774094047,0.1459594904974343
216,12.895049788762027,-0.3696416141865118,-3.5757299613288502,0.09240673299626206,0.6225967382766981,1.9023433952184032,1.1317436575506965,-0.18869820995884556,-0.3215173566758494,-0.22721190889711154
217,13.222722323386614,-1.9506232038845606,-4.519398250420153,0.41453984956866097,-1.8875529029603897,2.018568185929066,-1.7879257951831973,-0.36888726034125396,-1.3447645295517703,0.26967630702088363
218,12.44774341527229,0.22719724822613166,-3.233203364510113,-0.9687724950809222,-1.0052633626550995,1.371808723215652,1.7365084142061367,0.5590220504842492,1.0856680392941858,1.3189762024034952
219,13.612390006054024,0.33603128929549714,-1.7937743686719245,0.9964658455999668,-0.016860308464848133,-0.92719095649109,-0.765072028427928,2.4883557526988755,-0.31873142617335704,0.14471992830083838
220,10.308254716337373,-4.548765282175478,-0.8541267089851869,-0.6276574825851826,1.1502247484048185,-0.3569461514858172,-1.8890110433966316,-1.4043450318507054,-1.5661858035834886,1.507712766245667
221,9.874044228878029,-1.1525698555024475,-2.6208631283939896,-2.788283851548167,1.9787314577366213,-0.6271434302237959,-0.6573111527493259,1.414761869604722,-0.37251757146494263,0.6250459343098703
222,11.490919334119033,1.3855116217232324,-2.5544146410515274,-1.5230069787479468,1.5959870483042184,-0.2736917913492654,-0.9547638348509689,1.701535815267591,-0.6092650955525075,1.8276700825322185
223,10.488680849626775,-1.4371954082613936,-1.6536421258150653,0.34858170913399805,0.7079190841591972,-1.082628387779623,1.5961927299586958,0.39083626623275497,1.3588961020313735,-0.4487338735207659
224,7.852435801039455,-6.321029381357835,-0.139447719383047,-1.6476861966715957,0.2299463888319622,1.395717842194689,0.353746209136554,-1.648716538507452,-2.389352157000618,0.9949792781205009
225,7.535278880978399,-2.942257294987188,-0.8975033203612126,-3.656383145107155,1.0711674621330685,-0.8159877897170454,2.383404710455442,0.3241752925563581,0.1006189986849658,1.3685505673062384
226,9.63535314966346,0.004230196851436506,-2.759073594430416,0.5232345202484878,1.8615672911426429,-2.2790173936660723,4.316397296983151,3.596048138089551,2.779743427924971,-2.8587710878265367
227,12.279142568780216,1.2634125896786834,-0.13074284017414664,1.9305582171561215,0.6540968543499097,-0.6714628002345541,2.696199555098999,1.5692585986231604,-0.7106527129738619,-2.3236934133411644
228,9.123937934376542,-3.5985614818262768,-1.752122377753745,-3.896007115054663,2.5332240074066212,-0.7273883010889775,0.12895698994884822,-1.6907596991974156,0.021856084582401385,3.2654691429769214
229,8.801047310526673,-1.4108220122160677,-1.9773529680231279,-4.508910355286952,2.8736535064013635,-0.41880202622886026,0.8282187813001792,-1.1694821610016368,-0.7433123713777484,-0.7939520475324727
230,9.492125115702532,-0.79853612141287,-2.9882746165561063,-0.5961484999602221,1.8713018497333804,-1.7863437643683648,-2.9293690687038056,-0.6353086853093188,-0.18125609056429554,-0.5925344174649111
231,9.110418681851131,-0.02804206823801274,-2.500499642099387,-0.15353817067232864,1.290049712742673,-1.5436496246020064,-3.9868345427407235,-1.1534439473077007,-1.0789668185062509,0.5842289087627741
232,8.257953807884453,-2.1890311435563268,-3.3316298686731525,-2.7622115942556063,-0.8377999078955991,3.96697940623272,-0.347570204594037,0.01750811351331977,1.042059288472523,-0.5504152621625257
233,11.10034690260816,0.2894871934732663,-0.997858603448037,1.90507807282732,-3.9651243311500197,1.7311185848572255,-2.3994457980693253,3.095357655640241,2.6148388865916417,-0.7139717138560489
234,7.514919663297332,-1.0899122220652881,-0.33062155038389224,-1.959638124027119,-1.6636239341727241,2.220124631615993,-2.2872667650442025,4.669660533698764,2.9026933198024913,-1.6867418647520076
235,6.592164955537825,0.6303660905820336,-0.5100059420153318,-2.021853599273601,-1.7524871951849605,-0.8196713957195998,-1.9009281962229938,2.56160243876561,2.892205105779142,-1.0969667399213634
236,5.226889737032034,1.5589447954815603,-1.4554024907835967,-2.8669161433030177,-0.47970195193272347,-0.089272993071442,-0.7362428952667286,3.2550964428306393,1.3317409038457675,-2.480616677923121
237,7.78397368223773,5.421261748764982,-1.5937737129047786,1.436293741504799,0.8219192437466782,1.342030400376909,-3.7199373955941675,2.843618962332489,-1.850615423783501,-1.1684620918934274
238,9.35135108920524,4.071467056515826,-0.33911241889557475,2.4451405148970555,0.9846326497959491,1.1595368413647056,-2.6471638638867185,-0.10205914325152869,0.14627702686660463,0.9581027410964139
239,9.985463540175207,2.2751484225899734,-1.1519259356378284,0.4234458123382572,3.5125205650362585,1.385296289793704,-1.1217693460410623,-1.0917398848060618,-3.4023728393444594,2.225432812943911
240,8.626448308688632,-2.2333469392217413,-3.713604953238689,-1.2376111775482463,2.509253955166458,2.08881907859451,-1.8282010889988678,-1.0519063895110732,-2.3180332374719628,2.0243378876267517
241,9.217952987247424,-4.893644731194387,-2.555313235969662,-0.6677346371637772,-0.08882000324011954,-0.23567144831734535,3.3448083941424134,-1.6759846258506532,0.45494963660161,-0.8700184980008572
242,8.79447170751194,-6.966188822625089,-0.4947160097727635,0.5586713581359778,-3.0672814040589214,-0.18293338521862407,1.3105291788131002,-1.132080987645841,-0.024885376870442726,-1.965446325278678
243,5.70396917251324,-4.9016108116993635,1.0860764569587384,-5.6210133963597055,-0.6246133050798597,1.1846925519287494,0.9010923983563323,-0.18810865361501042,1.8332156169642546,0.9052940708188159
244,6.625466836994864,2.3136379920151127,0.2769638802305784,-5.345961726222572,1.063050356796565,0.9995906967614095,1.5028990169353085,-0.964650491558622,-0.9856326166085349,0.23645258157392215
245,7.700552901841265,6.780655047060637,-2.424673682491498,-2.119952332517677,0.7140104134395037,1.5071546316159603,0.6110465258311711,1.7777867244132861,-2.0704818702240697,-2.2608070568346674
246,9.604130523672577,6.5527489305034505,-2.447794795201494,0.8764042984102197,-0.129554000357524,3.302111975695495,-1.1655806679565373,2.030007130767656,-1.9324200733499426,-1.825355998818904
247,9.486393822984269,3.86194232038737,-5.2072677935998275,1.936021314437053,1.9915405745979544,0.6131110335018551,1.3140239601460417,1.141305181611616,-0.40180350651065205,1.8309784495138337
248,8.541280253912737,-2.226149387421115,-4.320521958622639,1.8014360750386411,0.42472693436840825,-1.3490917417226047,-2.1290189431800384,-0.6180906425129494,-1.48287791099025,0.2350219456939382
249,8.233018691307732,0.8939602837626061,-2.9852918081233297,-1.9768830421783918,0.7025203125584047,2.9794139271562443,-1.296684109300298,1.1448759817400513,-1.8435678470519024,-0.6086302326623975
250,10.15558249560585,5.11126291480428,-1.4581816808249906,0.5320570479124151,1.3182073715491893,3.5713178385914928,-0.7883183729728653,1.6255454951432884,-1.9590791364310014,-1.2708224744268506
251,8.194001221260153,0.312921015490996,-1.8136051294387507,2.0068762680180976,0.5916525400784605,1.1989060825763957,0.3694984418041213,0.07265561886192928,0.4819916929225227,-3.3655657221723785
252,5.585671206398755,-2.878780459660928,-1.5742069373953673,-3.107699152080012,0.3878275804337373,1.5031713581937771,-0.3413939840108819,-1.7664591539538748,0.3342742009044563,1.482993091368261
253,3.0218258841187504,-4.6869907770973,-1.3299207303590195,-2.2412302882722295,-1.339951484177347,2.3464265023273714,3.073424375725406,-0.9664975253703464,3.3694633139267895,-0.639988912301494
254,4.9359097319687715,-3.947202281745401,-2.7540330763518237,-2.127221427472896,-1.550238597431561,1.518476950670627,1.334740753524029,0.6965646017717042,-0.3866145608752659,0.27626788970822913
255,6.365019280242612,-2.0840883019377388,-4.424730849430235,1.66124406295394,-1.7143354756262827,1.0873408773419353,-1.856333161206978,0.7178386143835874,1.0357491312869334,-1.7789196474871314
256,6.767959624985439,-1.9951379681124732,-2.2879398250322347,-0.5553953226489019,-2.5833103020867534,2.5588072297111273,-0.3127171668090392,0.901990567347227,-0.6606022564015541,-0.4851116226429443
257,4.609094844570282,-3.1064504353282167,-4.380177785282024,-2.0715642829721057,-1.9016600043534424,1.8370568610029052,1.0701695181258766,1.1839109795126725,1.5548988715978496,-1.0573520806470822
258,5.8968136093849735,0.06953397220382264,-5.386935425183579,-1.7360440267469965,1.0858148656436506,-0.32218483402104375,1.2428788275998894,1.350463114072831,1.6791605451010114,1.2213139416936034
259,7.448599962753006,3.242658881023005,-3.7852146212657662,1.7287470085099936,2.8547563395383495,0.2947833750641582,-0.2508492502414516,0.10366896477768384,1.1504348305240322,-1.181219325975246
260,6.4315859856077315,-0.8554801192781811,-4.898326625263707,-0.0035142459214000036,1.236491261061722,1.0506183672319274,-1.3327384204299673,-1.446273606768947,-0.9029956774709551,0.7665540740624525
261,7.121338066874829,-0.20269237741173532,-2.2828589961878594,-0.5081564470874071,2.736668998488748,1.7790360398786136,1.8734459503618248,-0.46459364481535453,0.16482712577606332,0.7415059323653758
262,8.908368399325488,1.4648224268117445,-3.533221166824666,3.573115881825865,3.9717949839718876,1.983449746816579,1.1397615413551478,1.097605327702287,-0.6012766170772159,-0.8507642125244822
263,8.673029985669851,0.7982036971940814,-3.064420425299371,4.15388373552701,4.25805751776784,2.7973096504863646,0.13084609195344937,-0.2074605230911484,-1.349929099632925,-1.9017283605429731
264,7.5932472938916264,-0.7624953313046253,-4.491342446684503,2.1758668196071853,3.30124744300983,0.2759767398285068,0.05009543309994683,-0.45961204342901385,-0.8462721092690726,0.6666938938271008
265,7.035557164094391,-2.0477061000899504,-4.646281070471763,-0.03360506407799247,3.1079257277588437,-0.9213078488148201,-0.18539187288265732,-0.8694164478647263,-2.05537635227556,0.9381944711297642
266,5.7998703723991785,-0.6708529676304218,-2.273653665286713,-3.5337641523313477,4.615346323340883,2.323679583423784,-0.18171717352993408,-1.8314228410619133,-2.853796005091824,-0.7939498321153438
267,4.9436627301239655,-1.8902945968667686,-3.3368099271546536,-3.6473376688404424,2.7141806737286305,0.42644603045241447,-2.401873477883568,-1.0397161755626607,-0.004601153156621781,-2.532649996993222
268,4.821073485072144,0.017023562086019822,-3.9512060693729656,-4.918970850415838,2.5666209597134775,-0.18002384439604727,-0.8374882186181416,0.47097004019339217,0.4369401568213834,-0.8427112438183222
269,4.198927070720303,0.9800423808962387,-2.2391722226818604,-4.426093085893312,3.327675577573024,1.8683516400287592,1.6223705645947841,-0.6343570703020645,-0.6211708273731744,-0.037369452735379366
270,4.407633193704072,0.8213414468228903,-3.3346336036470805,-1.0144461447348154,3.9435341058698756,-0.7118204741753437,0.38595757808011866,-0.21675826846656138,-0.1808429290725017,0.7493215507963641
271,4.972627340546483,2.0456868391479333,-2.3967976099065487,-0.13229091682867328,4.050586022809746,0.285632715548634,-1.7138873862029187,-0.1222614160078112,-0.2548199192688727,-2.1559483170004983
272,3.613624103708084,0.7352487920879246,-6.556146968708014,-1.90262519449123,2.6948575949382283,-0.8682755656649112,-1.4626178311573788,0.7814397426442302,0.3704919797995782,-0.188979491650307
273,3.070764217699157,0.6419743842787093,-2.713919139530594,-3.887699803432779,0.7244959819644907,2.0728384667914805,-0.2629132339451167,-0.004418302725907441,1.4255329078525556,-0.33471121275232607
274,3.2678892276479767,1.9440654051540658,-3.4225910321486555,-2.481308719219912,1.2844832373034591,0.30023372737534004,-0.8571178454631069,-1.0786509459423397,-0.8067147259920195,0.7834708647829033
275,2.5710143122849005,0.3689849131098931,-1.3514561404820773,-3.583069190209878,0.4652909937033209,0.6932567433651904,-2.3198604431509313,-0.246687962097802,0.19461894494130852,0.39771032459649225
276,3.1859416868769452,4.674888065405325,-2.2747472084915783,-0.7795269456110141,3.040608750704101,0.8971227191609361,0.4105518120161203,-0.058805897696667844,-0.5811064777363448,1.6984929574483025
277,2.4602297529939503,1.6750678917818558,-3.48495335310865,0.6581510613390985,1.887366018233273,0.32963780661517667,-3.2636062912786947,0.18217998752101033,-0.11212437932458018,0.5125855118162357
278,1.602397739793043,-0.06485173238680014,-1.6825431670160123,-1.9893950452386375,3.3658423532151476,1.9393936266530742,-0.3309590329728919,0.43288833597892545,0.1929046569276776,-0.9556046280061246
279,0.816492182777354,-5.263834026401475,-4.372895555097634,1.44808247134009,-0.37947643149917865,2.5719345557209734,0.234112573124945,0.483885400222387,0.5193694230842077,-0.901584380073805
280,2.0998760993670036,-10.321777401506344,0.5526572778472831,5.156385663591142,-4.115976379184173,3.2161560452467968,-1.165927578968896,-1.2480297637504374,-3.4708476470066505,-1.690022588508094
281,0.17482948213930563,-8.215408818757714,4.429107600639885,1.258150050048169,-0.5451768409658915,6.164686356198989,-1.673975494767731,-1.3999517801532968,0.5148705402907657,1.1488504476699486
282,-1.6215994293013758,-4.810086726065905,4.315057856437475,-1.8234774997868608,1.5285029367628247,3.576041007894875,0.029148135611740553,1.7318277371208204,1.084887120179551,-1.3449704990779476
283,-2.9613380389446675,-2.4420001621108613,2.165427452554109,0.5532933087124484,2.703430443011647,3.6677459360990907,4.327566157132609,1.7448046985221837,0.3607979713284956,-1.8058653236390703
284,-2.5035500016539856,-7.807490906581716,3.0235556612713204,1.4754891195713287,0.5195208656904239,1.7100497326407724,-2.809244004914292,0.24709009783067346,0.14214970994597786,-0.10187066559119412
285,-1.924636415149461,-6.127110414902625,4.205958006469887,-2.370302505854547,1.9845008795006438,2.5823500057498436,-0.9150958175527875,0.12194109885658225,-1.0685228944396723,1.1254996521208995
286,-1.9565638125384737,-2.632260281252348,3.2565719881728423,-2.535758588364828,4.066151489410081,1.075618256421419,-0.33185075198618813,1.3101760850853654,-1.4027522581500635,0.8088813843021057
287,-1.9566169055365719,-2.4003624043580825,1.663202574155569,-0.8800926184417865,3.7708997977369094,-0.13756745554041844,-1.9564825798877956,2.8104835407523825,0.3871520040580042,0.18271816708163702
288,-1.8080303921210472,-2.7423261138862496,2.476304913924163,2.0752500720805562,5.602147663583654,2.0372909761900564,-2.953024348144459,0.8207934113682589,0.8866848433374873,1.2433485450689845
289,-1.06820634367486,-6.615488377439444,1.0628396776988687,4.670362848021907,4.1252204265884895,-0.7834432384303809,-1.136738923384421,-0.37745156983100686,1.9342605493560818,1.4014111427038085
290,-0.5371080536249903,-9.66643407050314,2.234673066941383,2.9539987315812293,3.551646766697502,1.7055164388281108,-3.5306997041158397,-0.15699728633647345,-0.009371367450107042,0.34997421496775355
291,-0.8949237445546864,-6.509405164946976,2.1581364020439637,-1.0383220317821926,1.2946822408122565,2.8116151693796554,-2.2962449012873556,0.6719454396748936,-1.4874943536421608,0.15226069649619828
292,-2.5711367781570997,-2.2030100912041872,-0.29372176710117653,-3.4919739437162653,0.6395380012854059,2.9526700268220742,1.2924723421687736,-1.4686211179378683,-0.8226279835322798,0.47285701404673436
293,-2.2877964151689065,2.9349122627550175,-3.708801211060895,-3.236725272259845,1.0943381405040236,-1.2733768352554744,0.7720356465005419,0.7058896600761556,0.0081781495227847,0.9934501402497709
294,-1.0382110280968284,3.510685679940529,-4.287098740707205,0.6411260880981903,0.41732236602468537,-0.6654393955699645,2.073593928070869,0.20633828908441915,1.221537625796401,2.194825819780352
295,-1.1310561585130643,-0.40122965093388213,-3.024104968894088,2.5595650529679457,0.03891501236339386,-0.4732887604471987,3.6761323587665147,-0.40087269241752355,1.1273053721373385,0.6447312999803808
296,-0.7282945611725841,-4.017891962976712,-0.6412861154171459,4.274570357087638,-0.35290352393309504,0.9546351012744453,0.5409087149760773,0.37102074278430947,1.2722533130124176,0.25489183763189244
297,-1.5932517632328758,-7.304214409699379,0.5864841579937808,2.8128651110908396,0.9998270003916427,2.706375770533993,-2.8572035604762323,1.618668654975434,-0.5834278861113313,-0.45600462637793815
298,-2.6732001412245863,-5.887138135206105,1.4629902257681535,-1.3322553493014946,1.9580080076516966,2.093731166096486,-0.8414250914192117,0.5658632749694563,-0.6394302607699449,1.5347716698560958
299,-2.7196774639531163,1.4080490757526405,-3.2484397603964834,-0.9638514089349209,0.4317614765748241,-1.2547557374368832,3.9310287415861707,-0.4934950685259133,1.404186338617786,0.30520854613267867
300,-0.9851807137924133,0.3619899818514853,-7.259874529050338,1.841906428421503,-1.0764768010013972,1.4360005788631143,0.5744394694212014,0.6619704749935672,1.4157103387463128,-0.15055526985293657
301,2.0610451948607635,0.11261388814064355,-6.9883819399460645,3.7945065976638404,-0.885088581833174,2.215144506706436,0.4205281568673475,1.241101959691384,1.0054922748425328,-0.996889839920059
302,1.1422945528480548,-0.8791916714220444,-3.3838262162100063,2.326753188185667,-1.7316594352358798,2.344216408569271,-2.22093167505101,1.2513206864331377,0.11654260809751806,0.36326244546586894
303,-1.826168677446153,3.082947614148117,-1.191996626125217,-1.4580993867991863,1.2036073003978858,0.24455193877515022,-0.10291543244264682,1.3423001454109098,1.1514800806093881,1.0456958080115786
304,-3.2200810019062445,5.050480211211712,-2.161528151029913,-0.8516352067619993,1.3884200304423802,-1.01594855700676,0.27993955775578694,-3.278139409900693,-1.1153364988691141,3.049631674265448
305,-4.291404100102572,7.795246609444994,-2.2158061768993336,-0.6006457364665344,0.09063668001814407,1.9938800736792945,3.448115046857579,-5.038378634344073,-2.3469849853154305,1.818272642704335
306,-7.260866278211571,8.162276551672496,1.7133222134277404,-0.5946909104292389,-0.33897811535670647,2.667994365857777,1.6700944514505305,-3.8853922166289987,-0.5193266304931659,0.7132786214424993
307,-9.961934451045408,4.92883645218421,1.9048323850500979,-1.9535502753946903,-0.35478890951060355,2.187181647250767,-1.6078389350063678,-2.508958153702327,1.0023557813131223,-1.0375099711533815
308,-10.62845386019572,2.045268220992193,3.5339615809671696,-2.5333222029556484,1.0322531462941986,2.900600503959581,-2.260988846128078,-3.3369137876641326,3.388448151816812,-0.9520305438729112
309,-9.325466004128595,1.0565677698253557,3.776136123173437,-1.9255797890796773,-0.1075216083133093,2.938078934212874,1.0255064734842116,-3.622647356783112,1.9685921499130072,0.9803481982289279
310,-9.718422075613857,-2.8755460318225663,2.560419883772864,-0.31504050384883203,1.7228513794905607,1.04224140108615,1.2881519304652251,-2.047233709560586,3.9975001010752993,1.7618538080793067
311,-8.732203292186023,-1.886507257620776,0.6012062365214655,-0.2218483866654281,4.799744566413442,-1.8850812239598393,0.5492740639716341,0.40412596579063764,1.6641040507030174,0.4649280583842975
312,-7.712210888713872,0.7558708695945683,-0.22014712415432677,1.8652008427726836,6.023663942795955,0.8482429754953115,-0.6277926678898217,0.9940261851217942,2.1247384387524413,1.1740046674053444
313,-7.8513386781516195,-2.286650859807827,2.4563256269110156,-1.1876616703112204,4.373656105520688,-0.027984350839149602,0.0735115089050957,1.4831265625135672,1.921176752650683,1.7156970828795648
314,-8.458893850139452,-1.4719789037245379,3.0120025529149066,-3.1008649962623966,2.8159177026293656,-0.9284551761263232,0.4200975509152935,1.358734937847158,1.5863731806001318,1.177451018230668
315,-8.800837280819806,-0.8134306425087166,-1.474217651949512,3.3425641978470293,0.290853011124541,0.17946689733516347,-2.450347994627372,3.161097213634732,1.4260383073475418,0.7096006798932099
316,-8.133127354134956,-2.5838502534075545,2.7078962670807187,1.2447041876765634,2.657357434266781,3.1016175492638203,-4.190562291677139,1.3822928926264721,0.29379489117984336,2.208741160112966
317,-8.266653537256078,0.3633837393959581,-1.8870253734020275,-1.7990907803221146,0.8862377554663254,1.8749477888370336,0.8253124656649296,3.41636812554368,0.11467847667720112,0.8471801919338537
318,-6.58408710475209,-0.33285198397643356,-5.279282474197256,1.1511046068189743,-3.775383829496622,0.7236560321308614,2.62614521543882,2.227297086895491,0.5250314942307202,2.237154401384846
319,-5.896239557788326,-7.416549811835174,-4.365114143094809,2.907404206453021,-4.522748696461976,1.8325770316404115,3.460729538051751,-0.6221854320695649,-1.3279168716538428,-0.32429248275109285
320,-2.6024864477500618,-5.819536982960216,-4.571973379507919,1.5263286224453536,-1.8678359667022262,3.0760422842018733,1.8468056261114565,-0.5439657482805522,0.6445826272111337,-0.35970926533837677
321,-1.3792133050154125,-3.7072556093145512,-6.225701563233943,4.8286137887872,-2.1378838603827,2.337392625181855,0.6305605228174144,0.06537167374917147,0.9283487055624188,0.33445113975185226
322,-2.3572963160594624,-4.759992398966357,-0.39332603587506987,2.046043625312892,-3.7024513088211215,6.718469343470126,-1.165266651525916,-0.3428128167882772,0.7785124767522448,0.5043553591522408
323,-4.609117564354412,-1.1608341988510107,-2.812536064776199,-2.0035996366372535,-0.616706105915339,0.43357507070649554,1.9365603937422398,-1.1084174611404394,1.179452824712993,1.672868408483215
324,-2.5067138009846652,1.7156559136660319,-5.141497498495432,2.437516974825709,0.03374468130685101,3.3553878392828076,0.2401954834622492,-1.0740176940940145,0.43906527407003876,0.5537950510432376
325,-1.4728239485423567,-0.16305605095234102,-6.767490452620511,2.1746495776392973,-1.6952588660857824,3.007181146223912,1.21769469853754,0.1212651385434055,1.8115443271380487,1.6633727517212904
326,-2.462685346669734,-1.918359223587405,-7.582562075571752,1.1250750805957601,-1.8996734902375463,3.4316728329873607,0.5472121765457787,-1.1139555183722292,2.511086244761859,0.35097513468201247
327,-1.6376601704160096,-0.8106486353378759,-7.421803843021855,-0.06306742348153106,-1.7673685978980411,2.9496137301709617,1.4962172146516846,-0.8925121764915844,4.213708163788356,1.8105707198242795
328,-1.6376665191995676,0.07022670506535304,-5.995656595441546,2.058247300367617,-0.6331589949327957,1.0441509376619227,-0.060007677319612714,-1.0625306710128197,3.741505759210376,2.144866078477274
329,-5.344318744989338,-2.6154772959615067,-2.1289467572414544,2.444611867101915,0.7103810242881609,-0.0331217603262493,1.634800997462799,-0.2783025307383398,3.502429253113991,0.8661953478284006
330,-7.151514554207035,-3.1908111534489665,2.373669323405415,-0.6824546070943921,3.50811328258162,1.3119813861812524,-0.7572274644668858,-1.0270335908123849,-0.37879883938386927,1.0542493420391676
331,-8.764744009966703,-3.4919928152483046,3.3352725583733513,-1.8764822694886325,0.9559068177348453,3.2262920049878026,0.3147036786764956,-0.8159213581869235,0.3723314932761694,0.6641826530560718
332,-9.566003429280391,-5.326302246454566,4.223388560504293,-0.6858953638532438,-1.0466503865447065,0.5068455212859243,1.0699873727296894,1.9083196479199498,0.7282312066625494,-1.0822206895975655
333,-10.913403434244621,-2.0815544723119297,3.8455355031019423,-2.3863765688717993,-2.710385346201479,-0.2812226156272357,0.48257184775808987,0.3998885288427007,1.0883387425918805,-0.5571091309743306
334,-12.093435949045114,2.7604341257561456,4.0115322287998065,-5.387079980405765,-2.408951266779632,2.1165916189117677,-0.09070019334505916,-3.2604761384183005,0.4340256526258761,0.24350769149882084
335,-11.642008233786413,7.049782481551917,0.5374441023455916,-4.914236849615902,-1.1072239998975324,0.9590022338179687,-0.8432447659427388,1.6546251442366484,-1.8315285940679613,-2.244349457420929
336,-12.562750513688192,-0.2013282208499307,-1.2500187020335862,-0.530404093784695,-3.8292433781606103,-0.9976336701296802,0.9010125263033427,2.8768074825684744,-0.1845425922098691,1.9748631694903975
337,-11.746597413079197,-1.344457469374434,4.21595558758986,-0.5756868763165648,-1.98909032912155,0.2759096514813164,-0.04809253391976286,6.903633431763346,-3.3880293114520184,6.232778649760957
338,-12.4033923676393,-2.228568276864441,3.176736509914245,-1.3184892279474358,-2.916299430839223,-2.1753901537633715,1.940265790683491,7.296123653375662,-4.686017165942387,5.476964680090062
339,-12.470437326108073,-4.208108568923774,1.2183395321876134,1.1637619900747642,-3.585227430163757,-2.634658085629927,2.5938615586648623,6.417050005282397,-6.236623286767181,5.072333864763902
340,-11.355819614462797,-4.328494851284511,5.394219940198748,0.4492130082728879,-0.212851606421793,1.286147326023924,0.8751255056936197,3.3652921031541427,-1.8057334697688077,0.6556925105756003
341,-12.944461732785875,1.7991235064852706,4.499254117463855,-2.489116353400538,0.9617812866024789,-0.03772832635518592,-0.9232248500517978,3.1734339540925816,-1.251003950512703,-0.7297679613383655
342,-14.332677534793676,6.20841817757588,-1.3775377388025805,-3.547671391800005,-1.2323669103546995,-1.3761607984103257,-3.1441133634658565,1.7493586041500406,-2.846854627327265,-0.21011934099532037
343,-11.97027587185946,7.886670272222732,-5.940323302279801,-0.09755442804392055,-4.991541787220994,1.90783453617199,-2.790560836530728,0.9780963242557522,-0.02475823632756427,1.6134233863292067
344,-9.840915163995087,3.3870450353032435,-5.804715405109454,-0.9784591681966178,-5.440398536684674,2.803587598521373,-0.7942863154467128,-1.0837588421341966,0.8252300553367445,1.137004799532538
345,-7.6444762850590475,0.16778707185731068,-6.889543692488885,-0.06057322338707151,-4.697336471930615,1.977310875393677,-0.3885126631395885,0.13721333425345386,1.8691306841005286,0.8765269986727771
346,-7.165252624687893,0.7998679043157023,-6.323570417899375,-0.7007738039741233,-1.027397397205951,1.5409758863835925,-0.029091300415519796,-0.3071042903426079,1.1134261731903856,1.3042540138448255
347,-6.4369867946695285,-2.057611502498119,-5.8658493271444865,1.8346158555147531,-4.181668671172632,3.1007068919310887,0.1809135395019045,-0.3193067900481531,0.601612291014887,1.6274831845838893
348,-5.260000725234446,-4.934083406558786,-5.008698995977533,2.632677280904705,-2.6399449993251745,2.426999990010681,1.078093870134563,-0.8966097800268873,-0.5957393587577716,-0.054073874488051954
349,-5.3659802706353465,-4.727566490648549,0.3208556235796508,3.28137716255177,-1.163161180013013,4.577442529762311,-1.337568512972273,9.750087096068435e-05,-0.014584411630042083,0.7213219000303549
350,-7.326153441052963,1.2413517486229155,0.1432511047004003,-3.521973314261057,1.1016224756895663,3.1690777041549025,1.0579174191173044,-1.3850883443616084,0.3239399820389141,1.5777607136116905
351,-8.425935681769516,0.5043959635474186,-4.197103357871514,1.4561960768314324,-2.858434697590351,2.6112245158763066,1.4109690267754147,-2.4899209848772865,-0.9031672886097499,-1.6598055162246554
352,-8.944251342609993,-3.0993992390185316,-0.49493025511644484,0.83946023287271,0.05334123617790858,2.606757374499063,-0.12237803823803801,-0.03386664152977517,-0.6162706199908399,-0.6485131043318373
353,-9.75480023819673,-4.050945370971237,1.0252131617042843,1.2556260801930783,2.5090293786941,2.3242450649460595,1.4578946008153766,2.132544982006882,-0.4958806250181688,-0.8572492519866118
354,-8.702423999532549,-8.524689868263549,3.623323883223225,4.508067532625865,1.389314395947021,1.70977345550483,2.3366013359910704,3.307500239258232,-0.2572521024305392,-2.0101458672320938
355,-7.776057351906484,-6.907697903337142,2.0282869768939524,-1.0321650314885855,1.6507759903356767,1.3416305196575244,0.7335730723567202,3.3946522648749173,-1.2414226337221586,-0.385097171280353
356,-8.181192211367126,-2.246389015595393,-2.4123407751516175,-3.466383387701248,0.5495951701861089,1.1674901532576998,1.0704333062110762,0.7722097992324389,-1.009229455720478,-0.4301908197496346
357,-6.505949536254787,-2.9873508163627003,-5.068441018992393,-2.4560633917548538,-1.4990014935176814,1.2706345623244641,0.22416663238219678,-0.6990647523522212,-0.3893300144422138,-0.20067276160284495
358,-4.599484728238907,-0.7640631960260228,-6.0291374552952,-0.8396309157896055,-0.9670024429688768,1.9226001855886299,1.094023529943024,-0.718332961961044,2.1314345712828957,0.44478149062257977
359,-5.951592875355356,-0.5883693519733538,-3.8982866643110583,0.9252285632298247,-0.984918919285908,3.0479416904332726,0.06671622312316632,-0.8741394374316183,1.6757403635212564,1.1488289494703068
360,-8.734652338346807,-1.9407289452746528,-0.1421467095815393,-2.4690068358812156,-0.02512047027811449,2.977898567949266,1.0454831946639624,-0.8446998968112112,-0.584098283706798,-0.610177631323207
361,-10.387278684891445,0.4364338706771014,1.226329791537464,-4.519875119002754,1.6234061960877828,0.41181697335474615,0.1358550770065387,0.7239317671133668,-1.2272824153790538,-1.4943205883544315
362,-10.758344090175223,3.581410163403986,-3.719319743268221,-5.486610662669347,-1.9882472886383529,-0.3947214047166362,-1.150442297220449,0.03801761979837033,-0.18011665779563618,0.9527064047474767
363,-9.559475459050034,3.54838126758685,-7.412159842118022,-3.8619698052490166,-3.5118654605185915,0.6038470912005995,-2.522303695798839,0.6419691209741417,1.9135691975231641,2.848736447116936
364,-8.2360563668044,2.217050981026408,-7.591621899160268,-3.8447054851069282,-3.432180450709201,0.39298983647171154,-1.2733118746395733,-0.8088562951615278,1.2840725866775267,2.8165672158007458
365,-7.354490089503598,1.3064969342958113,-6.868550418586345,-0.06688067683610982,-5.938824191804521,2.3654241491713974,-0.1822602449320718,1.3311285081442144,2.516819172790082,2.585632100533936
